date,日推文数目
2020/1/21,224
2020/1/22,28520
2020/1/23,188870
2020/1/24,675078
2020/3/12,875836
2020/1/28,908073
2020/2/1,940959
2020/2/24,951794
2020/2/15,970166
2020/2/16,986366
2020/2/25,988822
2020/3/2,1000985
2020/2/22,1010553
2020/2/17,1019451
2020/2/8,1020492
2020/2/19,1021965
2020/1/25,1030821
2020/1/27,1038911
2020/2/12,1064076
2020/2/7,1067719
2020/2/9,1070571
2020/2/14,1071219
2020/2/3,1089343
2020/2/20,1090512
2020/2/5,1095931
2020/2/2,1102464
2020/2/18,1120717
2020/2/21,1120906
2020/2/10,1122445
2020/2/11,1133596
2020/3/10,1145242
2020/2/13,1154926
2020/2/6,1188932
2020/3/9,1189869
2020/3/11,1201007
2020/3/8,1215693
2020/2/26,1218573
2020/2/27,1220430
2020/2/4,1225893
2020/3/5,1226244
2020/3/6,1234550
2020/3/7,1237737
2020/1/26,1403630
2020/1/29,2031490
2020/2/28,2103633
2020/1/31,2240155
2020/1/30,2442948
2020/3/1,2822686
2020/3/3,3207004
2020/3/4,3581218
2020/2/29,3771389
